{
  "userId": 42,
  "username": "randomUser",
  "email": "user42@example.com",
  "profile": {
    "firstName": "John",
    "lastName": "Doe",
    "age": 29,
    "location": "Springfield",
    "preferences": {
      "color": "blue",
      "food": "pizza",
      "music": "rock"
    }
  },
  "activityLog": [
    {
      "date": "2024-05-31",
      "activity": "login",
      "duration": "5m"
    },
    {
      "date": "2024-06-01",
      "activity": "purchase",
      "item": "book",
      "amount": 12.99
    }
  ],
  "subscription": {
    "type": "premium",
    "startDate": "2023-01-15",
    "renewalDate": "2024-01-15"
  }
}
